type,document_id,invention_title,ipc_main,gold_mno,candidate_mno,anchor_p,weakest_model_p,lift_to_gold,same_lno
missing_label(누락 후보),kr20130075534a,,,EH12,EH15,0.955,0.818,113.95,1
missing_label(누락 후보),kr20150173085b1,,,EH01 EH08 EH09 LA05,EH10,0.932,0.642,102.59,1
missing_label(누락 후보),kr20140156930b1,,,EH10 LA05,EH08,0.943,0.723,87.25,1
missing_label(누락 후보),kr20200111488a,,,EG02 EG08,EG09,0.991,0.832,63.67,1
missing_label(누락 후보),kr20120005693a,,,EG06 EG09,EG08,0.951,0.712,63.67,1
missing_label(누락 후보),kr20020063404b1,,,EG08,EG09,0.92,0.729,63.67,1
missing_label(누락 후보),kr20137007482b1,,,EG08,EG09,0.907,0.54,63.67,1
missing_label(누락 후보),kr20010068937b1,,,EA13,EE05,0.971,0.768,62.05,0
missing_label(누락 후보),kr20120089568a,,,EA13,EE05,0.991,0.826,62.05,0
missing_label(누락 후보),kr20140058296b1,,,EA13,EE05,0.941,0.856,62.05,0
missing_label(누락 후보),kr20180066295a,,,EE05,EA13,0.955,0.675,62.05,0
missing_label(누락 후보),kr20120074998b1,,,EA13,EE05,0.939,0.667,62.05,0
missing_label(누락 후보),kr20157004733a,,,EA13,EE05,0.992,0.88,62.05,0
missing_label(누락 후보),kr20207020720b1,,,EG05,EG06,0.969,0.794,60.14,1
missing_label(누락 후보),kr19890014399b1,,,EG06,EG05,0.943,0.815,60.14,1
missing_label(누락 후보),kr20070090216b1,,,EG06,EG05,0.931,0.846,60.14,1
missing_label(누락 후보),kr20117016736b1,,,EG06 EG08 NB03,EG05,0.943,0.66,60.14,1
missing_label(누락 후보),kr20177033636a,,,EG09,EG04,0.974,0.584,56.94,1
missing_label(누락 후보),jp2007140345a,,,EG01,EG02,0.994,0.82,51.13,1
missing_label(누락 후보),jp2015517287a,,,EG01,EG02,0.979,0.663,51.13,1
missing_label(누락 후보),jp2008182702a,,,EG02,EG01,0.974,0.723,51.13,1
missing_label(누락 후보),kr20210004491a,,,EG03,EG09,0.953,0.724,50.48,1
missing_label(누락 후보),kr20100033126a,,,EG03,EG09,0.917,0.727,50.48,1
missing_label(누락 후보),kr20100034262b1,,,EG08,EG04,0.966,0.8,49.79,1
missing_label(누락 후보),kr20140179048a,,,LB20 ND05,ND06,0.988,0.86,48.64,1
missing_label(누락 후보),kr20200117464b1,,,ND04 ND06,ND05,0.976,0.731,48.64,1
missing_label(누락 후보),jp2010135423a,,,ND05,ND06,0.979,0.878,48.64,1
missing_label(누락 후보),jp2016170918b2,,,ND05,ND06,0.988,0.939,48.64,1
missing_label(누락 후보),jp2020073156a,,,ND06,ND05,0.927,0.707,48.64,1
missing_label(누락 후보),kr20150060051b1,,,OA01,OA03,0.964,0.688,47.98,1
missing_label(누락 후보),kr20180038545a,,,LA03 OA01,OA03,0.966,0.704,47.98,1
missing_label(누락 후보),kr20190178424a,,,OA01,OA03,0.962,0.868,47.98,1
missing_label(누락 후보),kr20120015038b1,,,OA03,OA01,0.95,0.858,47.98,1
missing_label(누락 후보),kr20120045134b1,,,EG08,EG03,0.945,0.825,46.72,1
missing_label(누락 후보),kr20080116934a,,,EA14,EE13,0.974,0.629,46.15,0
missing_label(누락 후보),kr20120003879b1,,,EA14,EE13,0.999,0.948,46.15,0
missing_label(누락 후보),kr20170092451b1,,,EA14 ND07,EE13,0.903,0.727,46.15,0
missing_label(누락 후보),kr20160008019a,,,EE13,EA14,0.96,0.506,46.15,0
missing_label(누락 후보),kr20210036417a,,,EE13,EA14,0.98,0.854,46.15,0
missing_label(누락 후보),kr20150034577b1,,,EA14,EE13,0.966,0.925,46.15,0
missing_label(누락 후보),kr20160076271b1,,,EH12 EH15,EH14,0.936,0.797,45.41,1
missing_label(누락 후보),jp2012173504a,,,EG01 EG02,EG04,0.911,0.805,45.39,1
missing_label(누락 후보),kr20180136795b1,,,EA14 EE13 EI03 ND07,ND02,0.946,0.722,43.72,1
missing_label(누락 후보),kr20190021162b1,,,EE13 ND07,ND02,0.995,0.773,43.72,1
missing_label(누락 후보),jp2002549994a1,,,ND07,ND02,0.903,0.803,43.72,1
missing_label(누락 후보),jp2017000377b2,,,ND07,ND02,0.939,0.781,43.72,1
missing_label(누락 후보),kr20210124660b1,,,ND07,ND02,0.98,0.918,43.72,1
missing_label(누락 후보),kr20100033126a,,,EG03,EG04,0.953,0.651,43.06,1
missing_label(누락 후보),jp2012039337b1,,,ND13,ND12,0.991,0.864,41.48,1
missing_label(누락 후보),kr20140183096a,,,ND13,ND12,0.957,0.848,41.48,1
missing_label(누락 후보),kr20110007772b1,,,ND04,ND05,0.989,0.65,40.58,1
missing_label(누락 후보),kr20190165690b1,,,ND05 ND06,ND04,0.975,0.638,40.58,1
missing_label(누락 후보),kr20180106708b1,,,EH01 EH08 EH09 EH10,ND04,0.924,0.673,37.59,0
missing_label(누락 후보),jp2006079600b2,,,EA12,EA13,0.911,0.786,36.95,1
missing_label(누락 후보),kr20100064439b1,,,EC07,EC09,0.905,0.511,36.65,1
missing_label(누락 후보),kr20147006273b1,,,EC07,EC09,0.952,0.564,36.65,1
missing_label(누락 후보),kr20040035621b1,,,EC09,EC07,0.95,0.783,36.65,1
missing_label(누락 후보),kr20210125656b1,,,EC09,EC07,0.967,0.787,36.65,1
missing_label(누락 후보),kr20200133582a,,,EH08 EH09,EH13,0.995,0.87,36.05,1
missing_label(누락 후보),kr20180103845b1,,,EA12,ND13,0.962,0.566,35.36,0
missing_label(누락 후보),jp2021503136a,,,ND13,EA12,0.96,0.884,35.36,0
missing_label(누락 후보),kr20207013599a,,,ND13 ND14,EA12,0.967,0.595,35.36,0
missing_label(누락 후보),kr20200189134b1,,,ND13,EA12,0.914,0.807,35.36,0
missing_label(누락 후보),kr20180151669b1,,,EA14,ND07,0.941,0.694,35.16,0
missing_label(누락 후보),kr20040114886b1,,,EG04,EG01,0.95,0.82,35.16,1
missing_label(누락 후보),kr20200029528b1,,,ND07,EA14,0.962,0.6,35.16,0
missing_label(누락 후보),kr20090040990a,,,LA07,LA10,0.943,0.645,34.18,1
missing_label(누락 후보),kr20190099303a,,,EC10 EH08,EH13,0.989,0.899,34.14,1
missing_label(누락 후보),kr20050088011b1,,,EA10,EH06,0.953,0.573,31.35,0
missing_label(누락 후보),kr20110118063b1,,,EA10,EH06,0.959,0.656,31.35,0
missing_label(누락 후보),kr20190171379b1,,,EA10 EI08,EH06,0.947,0.888,31.35,0
missing_label(누락 후보),kr20190111679a,,,EH06,EA10,0.997,0.886,31.35,0
missing_label(누락 후보),kr20140108489a,,,ND08,ND09,0.912,0.657,31.17,1
missing_label(누락 후보),kr20120071818a,,,EA10,EI08,0.923,0.828,30.95,0
missing_label(누락 후보),kr20150064973a,,,EA10,EI08,0.982,0.824,30.95,0
missing_label(누락 후보),kr20200134039a,,,EA10 EH06,EI08,0.909,0.668,30.95,0
missing_label(누락 후보),kr20140067764b1,,,EA13 EE05 EE11 EI05 EI08,EA10,0.973,0.524,30.95,0
missing_label(누락 후보),kr20190145149b1,,,EI08,EA10,0.967,0.639,30.95,0
missing_label(누락 후보),kr20217034469a,,,EI08,EA10,0.996,0.735,30.95,0
missing_label(누락 후보),kr20140109242b1,,,LC02,LC08,0.91,0.798,29.73,1
missing_label(누락 후보),kr20037015088b1,,,ED06,EE08,0.964,0.888,29.15,0
missing_label(누락 후보),kr20060002450b1,,,ED06,EE08,0.93,0.855,29.15,0
missing_label(누락 후보),kr20060115661b1,,,ED06,EE08,0.977,0.83,29.15,0
missing_label(누락 후보),kr20180138011b1,,,ED06,EE08,0.985,0.946,29.15,0
missing_label(누락 후보),kr20150018226a,,,NB08,ND14,0.915,0.777,29.11,0
missing_label(누락 후보),kr20120005693a,,,EG06 EG09,EG02,0.953,0.58,28.77,1
missing_label(누락 후보),kr20147034962b1,,,EG09,EG02,0.953,0.556,28.77,1
missing_label(누락 후보),kr20070036163b1,,,ND08,EH06,0.959,0.506,28.42,0
missing_label(누락 후보),kr20220018040a,,,ND08,EH06,0.966,0.844,28.42,0
missing_label(누락 후보),kr20170025625b1,,,ND04,ND06,0.967,0.566,28.35,1
missing_label(누락 후보),kr20170113868a,,,EH13,EH10,0.94,0.526,28.31,1
missing_label(누락 후보),kr20070138713b1,,,LA09 LC13,LC07,0.925,0.853,28.26,1
missing_label(누락 후보),kr20190046879a,,,LC07,LC13,0.953,0.583,28.26,1
missing_label(누락 후보),kr20190110859a,,,LC07,LC13,0.923,0.734,28.26,1
missing_label(누락 후보),kr20010000163b1,,,LC13,LC07,0.962,0.718,28.26,1
missing_label(누락 후보),kr20187021696a,,,LB03,LB04,0.985,0.81,27.86,1
missing_label(누락 후보),kr20087006717b1,,,LB04,LB03,0.979,0.73,27.86,1
missing_label(누락 후보),kr20107006622a,,,LB04,LB03,0.984,0.883,27.86,1
missing_label(누락 후보),kr20137027991a,,,LB04,LB03,0.997,0.861,27.86,1
missing_label(누락 후보),kr20090108351a,,,LB04,LB03,0.996,0.907,27.86,1
missing_label(누락 후보),kr20140165367b1,,,EG04 EG08 EG09,EG06,0.975,0.632,26.89,1
missing_label(누락 후보),kr20060022834a,,,LB17,LC11,0.934,0.663,26.17,0
missing_label(누락 후보),kr20090046758b1,,,LC11,LB17,0.972,0.757,26.17,0
missing_label(누락 후보),kr20100078768b1,,,LC11,LB17,0.994,0.887,26.17,0
missing_label(누락 후보),kr20150039140b1,,,LC11,LB17,0.973,0.731,26.17,0
missing_label(누락 후보),kr20150139748b1,,,LC11,LB17,0.988,0.761,26.17,0
missing_label(누락 후보),kr20160021078b1,,,LC11,LB17,0.991,0.794,26.17,0
missing_label(누락 후보),kr20060038904b1,,,LC11,LB17,0.995,0.768,26.17,0
missing_label(누락 후보),kr20140122942b1,,,ND12 ND13,ND14,0.993,0.842,25.95,1
missing_label(누락 후보),kr20010018822a,,,ND14,ND13,0.923,0.822,25.95,1
missing_label(누락 후보),jp2020026932a,,,ND14,ND13,0.916,0.668,25.95,1
missing_label(누락 후보),kr20010027094a,,,LA08,LA10,0.987,0.898,25.67,1
missing_label(누락 후보),kr20160158072b1,,,EA11,EI07,0.959,0.54,24.79,0
missing_label(누락 후보),kr20160174543b1,,,OA01 OA03,LA03,0.986,0.563,24.14,0
missing_label(누락 후보),jp2015163297a,,,EA12 ND13,EA15,0.911,0.607,24.01,1
missing_label(누락 후보),kr20090035135a,,,EA12,EA15,0.936,0.511,24.01,1
missing_label(누락 후보),kr20140112961a,,,LB13 LB15,ND10,0.946,0.891,23.31,0
missing_label(누락 후보),kr20140054096b1,,,ED03,EF04,0.99,0.918,23.07,0
missing_label(누락 후보),kr19980002003b1,,,ND13,EA13,0.98,0.787,22.22,0
missing_label(누락 후보),kr20120122055b1,,,ND13,EA13,0.976,0.885,22.22,0
missing_label(누락 후보),kr20130138711a,,,ND13,EA13,0.976,0.657,22.22,0
missing_label(누락 후보),kr20200189134b1,,,ND13,EA13,0.965,0.848,22.22,0
missing_label(누락 후보),kr19990066198b1,,,ND13,EA13,0.948,0.706,22.22,0
missing_label(누락 후보),kr20100039378b1,,,EG08,EG06,0.93,0.722,21.68,1
missing_label(누락 후보),kr20150087760b1,,,LB16,LB07,0.988,0.715,21.63,1
missing_label(누락 후보),kr20110127188b1,,,EH03,EI09,0.995,0.638,20.86,0
missing_label(누락 후보),kr20120154339b1,,,EH03,EI09,0.925,0.783,20.86,0
missing_label(누락 후보),kr20170126484b1,,,EA10,ND08,0.981,0.503,20.76,0
missing_label(누락 후보),kr20080097259b1,,,ED04,ED05,0.915,0.811,20.06,1
missing_label(누락 후보),kr20120005097b1,,,ED04,ED05,0.984,0.833,20.06,1
missing_label(누락 후보),kr20040115473b1,,,ED05 ED07,ED04,0.95,0.701,20.06,1
missing_label(누락 후보),kr20070025268b1,,,ED05,ED04,0.914,0.823,20.06,1
missing_label(누락 후보),kr20210110140a,,,EC10,EH13,0.983,0.843,20.0,0
missing_label(누락 후보),kr20200143053a,,,EH08 EH09 EH13,EC10,0.942,0.791,20.0,0
missing_label(누락 후보),kr20210147260a,,,EH08 EH13,EC10,0.933,0.694,20.0,0
missing_label(누락 후보),kr19990050555b1,,,EH08,EC10,0.966,0.923,18.72,0
missing_label(누락 후보),kr20210034629b1,,,EH08 EH15,EC10,0.986,0.768,18.72,0
missing_label(누락 후보),kr20107007932a,,,LC03,LC13,0.982,0.715,18.67,1
missing_label(누락 후보),kr20127031773b1,,,LC13,LC03,0.971,0.913,18.67,1
missing_label(누락 후보),kr20060028367b1,,,LC04,LC14,0.982,0.909,18.55,1
missing_label(누락 후보),kr20200029761b1,,,LC04,LC14,0.98,0.828,18.55,1
missing_label(누락 후보),kr20160044928b1,,,ED11,EE14,0.957,0.804,18.32,0
missing_label(누락 후보),kr20210094112b1,,,EA07 LB08 LB15,LB09,0.977,0.649,18.31,1
missing_label(누락 후보),kr20160160045a,,,LB09,LB08,0.978,0.807,18.31,1
missing_label(누락 후보),kr20120038521b1,,,EF05,ED03,0.937,0.839,18.26,0
missing_label(누락 후보),kr20187018876a,,,LA03,OA03,0.982,0.743,17.49,0
missing_label(누락 후보),kr20180110428b1,,,EB03,NC05,0.951,0.742,17.37,0
missing_label(누락 후보),kr20110113613b1,,,EA10,ND09,0.996,0.955,16.3,0
missing_label(누락 후보),kr20210184923b1,,,EA10,ND09,0.903,0.665,16.3,0
missing_label(누락 후보),kr20200157958a,,,OB01,OB02,0.979,0.97,15.93,1
missing_label(누락 후보),kr20137019340a,,,NB08,NB01,0.912,0.877,15.41,1
missing_label(누락 후보),kr20160099406b1,,,LA06 NB07,NB09,0.964,0.814,13.91,0
missing_label(누락 후보),kr20037014678a,,,NB09,LA06,0.984,0.856,13.91,0
missing_label(누락 후보),kr19920018992b1,,,EI01,EI05,0.998,0.942,13.85,1
missing_label(누락 후보),kr20117027649b1,,,EI01,EI05,0.994,0.952,13.85,1
missing_label(누락 후보),kr20200135778b1,,,EI01,EI05,0.914,0.84,13.85,1
missing_label(누락 후보),kr20200135779b1,,,EI01,EI05,0.983,0.829,13.85,1
missing_label(누락 후보),kr20210047115a,,,OA02,OA03,0.936,0.82,13.83,1
missing_label(누락 후보),kr20090064238a,,,OA03,OA02,0.971,0.887,13.83,1
missing_label(누락 후보),kr20167023611b1,,,EC04,LA08,0.986,0.779,13.23,0
missing_label(누락 후보),jp2002287492a,,,ND12,ND14,0.984,0.899,13.02,1
missing_label(누락 후보),jp2015102344b2,,,ND14,ND12,0.985,0.87,13.02,1
missing_label(누락 후보),kr20050122609b1,,,LB01 NC04,LC08,0.933,0.766,12.96,0
missing_label(누락 후보),kr20190039019a,,,LB18,LC12,0.962,0.875,12.91,0
missing_label(누락 후보),kr20200054785a,,,LB18,LC12,0.981,0.873,12.91,0
missing_label(누락 후보),kr20210102143a,,,LC12,LB18,0.972,0.817,12.91,0
missing_label(누락 후보),kr20157026597b1,,,NC04,EC01,0.943,0.568,12.44,0
missing_label(누락 후보),kr20190171954b1,,,OA02,OA04,0.994,0.784,12.32,1
missing_label(누락 후보),kr20200028537a,,,OA04,OA02,0.954,0.586,12.32,1
missing_label(누락 후보),jp2020008022a,,,ND14,EA12,0.989,0.765,12.25,0
missing_label(누락 후보),jp2021572475a,,,ND14,EA12,0.974,0.629,12.25,0
missing_label(누락 후보),kr20027000386a,,,NC10,LA07,0.902,0.878,12.06,0
missing_label(누락 후보),kr20200143053a,,,EH08 EH09 EH13,EH15,0.971,0.528,11.6,1
missing_label(누락 후보),kr20197001664a,,,EH06,ND10,0.915,0.719,11.59,0
missing_label(누락 후보),kr20200170503b1,,,EH06,ND10,0.994,0.563,11.59,0
missing_label(누락 후보),kr19980040337a,,,ND10,EH06,0.955,0.644,11.59,0
missing_label(누락 후보),kr20187030155b1,,,EH06,ND10,0.986,0.622,11.59,0
missing_label(누락 후보),kr20190136031a,,,LC14,LC06,0.934,0.847,11.25,1
missing_label(누락 후보),kr20140069605b1,,,EG06,EG03,0.91,0.509,11.02,1
missing_label(누락 후보),kr20090047289a,,,EA02,EI10,0.976,0.938,10.95,0
missing_label(누락 후보),kr20140084762b1,,,NC05,NC08,0.995,0.885,10.75,1
missing_label(누락 후보),kr20090120407a,,,LB13 ND09,ND10,0.965,0.923,10.34,0
missing_label(누락 후보),kr20007010336a,,,ND10,LB13,0.934,0.866,10.34,0
missing_label(누락 후보),kr20130112024b1,,,EG04 EG08 EG09 EI01 NB02,EG07,0.967,0.72,10.02,1
missing_label(누락 후보),kr20130150866a,,,EG09,EG07,0.984,0.911,10.02,1
missing_label(누락 후보),kr20180043505b1,,,EC11,EE14,0.981,0.757,9.58,0
missing_label(누락 후보),kr20140167717b1,,,EE14,EC11,0.959,0.932,9.58,0
missing_label(누락 후보),kr20180135401b1,,,EC05,NC07,0.907,0.652,9.21,0
missing_label(누락 후보),kr20137013821b1,,,NC07,EC05,0.943,0.735,9.21,0
missing_label(누락 후보),kr20120139505a,,,EB01,EB05,0.951,0.773,9.03,1
missing_label(누락 후보),kr20177033040b1,,,EB05,EB01,0.948,0.895,9.03,1
missing_label(누락 후보),kr20117013065b1,,,EB05,EB01,0.976,0.862,9.03,1
missing_label(누락 후보),jp2022517397a,,,EH10,ND07,0.98,0.765,8.96,0
missing_label(누락 후보),kr20210068491b1,,,EI03,EI04,0.977,0.661,8.93,1
missing_label(누락 후보),kr20160118213b1,,,EI04,EI03,0.99,0.902,8.93,1
missing_label(누락 후보),kr20200081932a,,,EH01,EH13,0.995,0.723,8.78,1
missing_label(누락 후보),kr20160072215b1,,,NC04 ND10,EH04,0.949,0.844,8.56,0
missing_label(누락 후보),kr20100002345b1,,,ND10,EH04,0.956,0.626,8.56,0
missing_label(누락 후보),kr20190031604b1,,,ND05,EI08,0.998,0.918,7.7,0
missing_label(누락 후보),kr20227021430a,,,LB04,LB02,0.94,0.824,7.42,1
missing_label(누락 후보),kr20210006443a,,,EI12,EI01,0.951,0.657,7.29,1
missing_label(누락 후보),kr20120033440b1,,,EH04,EI09,0.955,0.896,7.13,0
missing_label(누락 후보),kr20000050913b1,,,EH09,EH14,0.929,0.808,6.91,1
missing_label(누락 후보),kr20070038450b1,,,EH14,EH07,0.992,0.784,6.83,1
missing_label(누락 후보),kr20130062640b1,,,EH08,LC15,0.985,0.64,6.78,0
missing_label(누락 후보),kr20180063970a,,,ND03,ND01,0.946,0.634,6.78,1
missing_label(누락 후보),kr20090110718a,,,EH11,EH14,0.982,0.779,6.73,1
missing_label(누락 후보),kr20200115936b1,,,ND05,EH06,0.972,0.833,6.7,0
missing_label(누락 후보),kr20170105450a,,,LB05,LB09,0.957,0.548,6.69,1
missing_label(누락 후보),kr20060033645b1,,,EI02,LB11,0.99,0.956,6.62,0
missing_label(누락 후보),kr20200132065a,,,EI02,LB11,0.994,0.942,6.62,0
missing_label(누락 후보),kr20160038896a,,,LA10 LB06,LA09,0.963,0.921,6.41,0
missing_label(누락 후보),kr20210021230b1,,,EH08,LA11,0.962,0.609,6.39,0
missing_label(누락 후보),kr20210194049b1,,,EH08,LA11,0.996,0.91,6.39,0
missing_label(누락 후보),kr20090008100b1,,,EA09,EI06,0.984,0.906,6.29,0
missing_label(누락 후보),kr20130042769b1,,,EA09,EI06,0.966,0.719,6.29,0
missing_label(누락 후보),kr20220049457b1,,,EA09,EI06,0.999,0.965,6.29,0
missing_label(누락 후보),kr20180109579b1,,,EI01,EI03,0.998,0.924,6.25,1
missing_label(누락 후보),kr20200163529a,,,LA11,LC08,0.977,0.778,6.11,0
missing_label(누락 후보),kr20130057469a,,,NC09,EC02,0.983,0.847,6.05,0
missing_label(누락 후보),kr20190047562b1,,,NC09,EC02,0.976,0.843,6.05,0
missing_label(누락 후보),kr20010081226a,,,LB20,EI10,0.963,0.709,5.58,0
missing_label(누락 후보),kr20140098871b1,,,EH04 LB10,EI02,0.985,0.819,5.56,0
missing_label(누락 후보),jp2009183739a,,,EH03,LB05,0.969,0.872,5.48,0
missing_label(누락 후보),kr20130097550b1,,,LB05,EH03,0.988,0.741,5.48,0
missing_label(누락 후보),kr20180079108b1,,,ND14,ND02,0.994,0.845,5.32,1
missing_label(누락 후보),kr20200030132a,,,ND12,EA12,0.993,0.914,5.3,0
missing_label(누락 후보),kr20060069061b1,,,OA04,OB02,0.966,0.875,5.19,0
missing_label(누락 후보),jp2003288526b2,,,EH02,ND03,0.934,0.561,5.12,0
missing_label(누락 후보),kr20180040340a,,,EH02,ND03,0.971,0.944,5.12,0
missing_label(누락 후보),kr20070023563b1,,,EF02,ND01,0.991,0.912,5.08,0
missing_label(누락 후보),kr20180063452b1,,,EF02,ND01,0.996,0.896,5.08,0
missing_label(누락 후보),kr20130123635b1,,,ND09,ND01,0.923,0.611,5.04,1
missing_label(누락 후보),kr20200165145b1,,,OB01,LC05,0.996,0.966,4.95,0
missing_label(누락 후보),kr20127011590b1,,,LC04,EA05,0.923,0.772,4.94,0
missing_label(누락 후보),kr20150079254b1,,,LC14,EG07,0.987,0.839,4.77,0
missing_label(누락 후보),kr20050072891b1,,,EE06,EE04,0.997,0.946,4.74,1
missing_label(누락 후보),kr20180065349b1,,,EA14 ND07,EI11,0.93,0.888,4.53,0
missing_label(누락 후보),kr20100044056b1,,,EE07,ED08,0.994,0.953,4.49,0
missing_label(누락 후보),kr20210171772b1,,,EF06,EF05,0.997,0.945,4.47,1
missing_label(누락 후보),kr20150120340b1,,,ED04,ED02,0.907,0.702,4.36,1
missing_label(누락 후보),kr20200011741b1,,,ND03,EI09,0.952,0.915,4.28,0
missing_label(누락 후보),kr20100139433b1,,,EH07,EF02,0.989,0.581,4.27,0
missing_label(누락 후보),jp2018227641a,,,EG07,EC10,0.994,0.9,4.14,0
missing_label(누락 후보),kr20070083072b1,,,EI12,EI02,0.972,0.88,3.91,1
missing_label(누락 후보),kr20067023649a,,,EE07,EE05,0.977,0.848,3.91,1
missing_label(누락 후보),kr20080030442a,,,EI10 LB20,LB17,0.956,0.719,3.9,1
missing_label(누락 후보),kr20097012239b1,,,NC06,NC10,0.977,0.833,3.82,1
missing_label(누락 후보),kr20130076543a,,,LB07,LC02,0.96,0.778,3.81,0
missing_label(누락 후보),kr20190171379b1,,,EA10 EI08,LB14,0.974,0.57,3.73,0
missing_label(누락 후보),kr20180093219b1,,,EH11,EB03,0.942,0.635,3.57,0
missing_label(누락 후보),kr20220017048b1,,,EA02,EH15,0.97,0.613,3.53,0
missing_label(누락 후보),kr20020014026a,,,ND03,ND08,0.976,0.723,3.51,1
missing_label(누락 후보),kr20150018196b1,,,EH02,EI12,0.962,0.653,3.47,0
missing_label(누락 후보),kr20200111277b1,,,ED11,EC11,0.943,0.898,3.4,0
missing_label(누락 후보),kr20190093763b1,,,EI04,EI11,0.986,0.838,3.08,1
missing_label(누락 후보),kr20100115551b1,,,LC09,LC06,0.959,0.717,3.08,1
missing_label(누락 후보),kr20110107922a,,,ND08 ND09,EF07,0.94,0.63,3.05,0
missing_label(누락 후보),kr20057016655a,,,EH14,EH13,0.905,0.637,3.03,1
missing_label(누락 후보),kr20180089959b1,,,LB09,LB20,0.985,0.953,2.98,1
missing_label(누락 후보),kr20140015388b1,,,ED07,ED11,0.966,0.911,2.82,1
missing_label(누락 후보),kr20090005674a,,,ND09,ND10,0.994,0.931,2.77,1
missing_label(누락 후보),kr20160180895a,,,EI07,ED11,0.963,0.801,2.74,0
missing_label(누락 후보),kr20100081660b1,,,ND02,EI03,0.999,0.956,2.67,0
missing_label(누락 후보),kr20120030815b1,,,NC10,NC01,0.985,0.539,2.63,1
missing_label(누락 후보),kr20140068643b1,,,EI11,EA10,0.991,0.513,2.59,0
missing_label(누락 후보),kr20140036993b1,,,ED07,ND07,0.906,0.684,2.28,0
missing_label(누락 후보),kr20060009990b1,,,EH02,EI09,0.918,0.697,2.26,0
missing_label(누락 후보),kr20060030345b1,,,EH02,EI09,0.993,0.919,2.26,0
missing_label(누락 후보),kr20210031244a,,,EH02 EI03,EI09,0.964,0.508,2.26,0
missing_label(누락 후보),kr20130047569b1,,,LA08 LA10,EH02,0.981,0.714,2.21,0
missing_label(누락 후보),kr20140093502b1,,,EA10 EH06,ND11,0.999,0.916,2.2,0
missing_label(누락 후보),kr20100133192b1,,,NC10,NC05,0.902,0.752,2.14,1
missing_label(누락 후보),kr20080037799b1,,,EH04,ND03,0.933,0.87,2.11,0
missing_label(누락 후보),kr20070070940b1,,,ND03,EH04,0.933,0.757,2.11,0
missing_label(누락 후보),kr20210013035a,,,NC06,LA08,0.976,0.769,2.07,0
missing_label(누락 후보),kr20030099770b1,,,ED01,EB04,0.941,0.805,2.06,0
missing_label(누락 후보),kr20037012284b1,,,EB01,EC01,0.916,0.876,2.05,0
missing_label(누락 후보),kr20090003356b1,,,EH08 EH13 LC15 NC09,EA06,0.957,0.528,2.04,0
missing_label(누락 후보),kr20120056089b1,,,EC04,NC10,0.969,0.796,1.99,0
missing_label(누락 후보),kr20020035177b1,,,EB08,EB02,0.974,0.946,1.96,1
missing_label(누락 후보),kr20190064534b1,,,EB08,EB02,0.991,0.899,1.96,1
missing_label(누락 후보),kr20000046393b1,,,LB10,LB01,0.987,0.909,1.88,1
missing_label(누락 후보),kr20137008891a,,,LC01,LC15,0.992,0.728,1.86,1
missing_label(누락 후보),kr20140055293b1,,,EA11 EB08,EE14,0.903,0.531,1.85,0
missing_label(누락 후보),kr20210158287b1,,,LC03,LB18,0.918,0.638,1.85,0
missing_label(누락 후보),kr20190000383b1,,,EC08,EC09,0.998,0.872,1.83,1
missing_label(누락 후보),kr20180118809a,,,ND02,EF04,0.976,0.764,1.82,0
missing_label(누락 후보),kr20190042146b1,,,ND02,EF04,0.989,0.81,1.82,0
missing_label(누락 후보),kr20180146190b1,,,ND02,EF04,0.98,0.67,1.82,0
missing_label(누락 후보),kr20190049161b1,,,ND02,EF04,0.979,0.567,1.82,0
missing_label(누락 후보),kr20200120493b1,,,ND02,EF04,0.926,0.816,1.82,0
missing_label(누락 후보),kr20140173223b1,,,LC02 LC08,LB13,0.969,0.805,1.72,0
missing_label(누락 후보),kr20180066159b1,,,LA03,OA02,0.994,0.917,1.71,0
missing_label(누락 후보),kr20210047190a,,,EH06,EH13,0.979,0.781,1.65,1
missing_label(누락 후보),kr20097013898a,,,LC14,LC02,0.992,0.91,1.6,1
missing_label(누락 후보),kr20210165546b1,,,LB19,LC12,0.99,0.949,1.59,0
missing_label(누락 후보),kr20190129322b1,,,EB03,NC01,0.956,0.729,1.51,0
missing_label(누락 후보),kr20090082571b1,,,ED03,EF06,0.986,0.677,1.47,0
missing_label(누락 후보),kr20187006471a,,,EF06,ED03,0.903,0.591,1.47,0
missing_label(누락 후보),kr20017010663b1,,,LC01,LC14,0.977,0.886,1.47,1
missing_label(누락 후보),kr20140046881b1,,,LC14,LC01,0.99,0.802,1.47,1
missing_label(누락 후보),kr20160163447b1,,,ND11,ND05,0.949,0.818,1.46,1
missing_label(누락 후보),kr20090003356b1,,,EH08 EH13 LC15 NC09,NC04,0.958,0.854,1.44,1
missing_label(누락 후보),kr20160140981b1,,,EA06 LC15,EC10,0.938,0.659,1.42,0
missing_label(누락 후보),kr20137017616b1,,,EA07,EA09,0.98,0.909,1.4,1
missing_label(누락 후보),kr20150101204b1,,,LA06,NC09,0.967,0.742,1.39,0
missing_label(누락 후보),kr20180038387a,,,EI02 EI03,EA14,0.962,0.844,1.36,0
missing_label(누락 후보),kr20060096571b1,,,EE03,EE10,0.991,0.891,1.32,1
missing_label(누락 후보),kr20020018369b1,,,LA02 LB05,LB16,0.997,0.836,1.32,0
missing_label(누락 후보),kr20140078615b1,,,EH11,EI11,0.931,0.658,1.3,0
missing_label(누락 후보),kr20040096166a,,,LC08,LA06,0.955,0.825,1.3,0
missing_label(누락 후보),kr20047019984b1,,,ED10,NB05,0.959,0.881,1.28,0
missing_label(누락 후보),kr20100101730b1,,,ED07,NB05,0.98,0.829,1.22,0
missing_label(누락 후보),kr20060101417a,,,ED07,NB05,0.944,0.855,1.22,0
missing_label(누락 후보),jp2002305627a,,,LB14,EH02,0.989,0.895,1.19,0
missing_label(누락 후보),kr20147003254b1,,,EC03 NC01 NC05 NC08,ED09,0.953,0.571,1.15,0
missing_label(누락 후보),kr20210147260a,,,EH08 EH13,EA14,0.962,0.866,1.06,0
missing_label(누락 후보),kr20210061849a,,,ED10,ED08,0.994,0.939,1.03,1
missing_label(누락 후보),kr20100074546a,,,EA02,EA05,0.96,0.926,1.01,1
missing_label(누락 후보),kr20057007811b1,,,EB08,EB01,0.932,0.715,1.0,1
missing_label(누락 후보),kr20210042564b1,,,EH08,EH02,0.981,0.707,1.0,1
missing_label(누락 후보),kr20080116934a,,,EA14,EE05,0.97,0.815,0.92,0
missing_label(누락 후보),kr20170086312a,,,EI07,EA13,0.983,0.623,0.9,0
missing_label(누락 후보),kr20200140319b1,,,NC09,EC04,0.985,0.835,0.85,0
missing_label(누락 후보),kr20150134272b1,,,EC06,EB03,0.999,0.919,0.82,0
missing_label(누락 후보),kr20150157688b1,,,ND01,ND11,0.935,0.778,0.79,1
missing_label(누락 후보),kr20190075498b1,,,EE13 ND04 ND06,LB10,0.991,0.703,0.77,0
missing_label(누락 후보),kr20180092044b1,,,EG07,NC06,0.915,0.751,0.76,0
missing_label(누락 후보),kr20120111240b1,,,LB01,LB08,0.996,0.936,0.76,1
missing_label(누락 후보),kr20200179785b1,,,EI03,EE13,0.988,0.808,0.75,0
missing_label(누락 후보),kr20120139949b1,,,EI01,EA11,0.946,0.561,0.69,0
missing_label(누락 후보),kr20000059348a,,,EI04,EI06,0.957,0.865,0.69,1
missing_label(누락 후보),kr20180137869a,,,EI04,EI02,0.977,0.878,0.69,1
missing_label(누락 후보),kr20160029014b1,,,LA03,LB07,0.941,0.544,0.69,0
missing_label(누락 후보),kr20180093573b1,,,EI01,EH09,0.947,0.77,0.65,0
missing_label(누락 후보),kr20190021887a,,,LB15,LB20,0.985,0.917,0.64,1
missing_label(누락 후보),kr20100092775a,,,LB04,EH04,0.962,0.579,0.61,0
missing_label(누락 후보),kr20090103626b1,,,ED07,ND02,0.994,0.93,0.59,0
missing_label(누락 후보),kr20040067351b1,,,EI01,EA13,0.958,0.698,0.56,0
missing_label(누락 후보),kr20170036935b1,,,EI04,EB03,0.997,0.908,0.54,0
missing_label(누락 후보),kr20170017507b1,,,EH15,NB09,0.984,0.832,0.52,0
missing_label(누락 후보),kr20010042132b1,,,LC02,LC13,0.98,0.905,0.52,1
missing_label(누락 후보),kr20160074560b1,,,EC01,EF02,0.939,0.528,0.49,0
missing_label(누락 후보),kr20060021651y1,,,ND14,LB10,0.996,0.957,0.49,0
missing_label(누락 후보),kr20210168644b1,,,EE14,LC05,0.992,0.911,0.48,0
missing_label(누락 후보),kr20070045913b1,,,NC05,NC02,0.903,0.8,0.47,1
missing_label(누락 후보),kr20100071548a,,,ND01,LA09,0.984,0.931,0.47,0
missing_label(누락 후보),kr20190130971b1,,,EH02,LB08,0.901,0.548,0.46,0
missing_label(누락 후보),kr20110001907b1,,,LB01,NC04,0.959,0.789,0.46,0
missing_label(누락 후보),kr20060010221b1,,,EE06,EE09,0.989,0.925,0.45,1
missing_label(누락 후보),kr20070046994b1,,,EE09,EE06,0.96,0.664,0.45,1
missing_label(누락 후보),kr20090083610a,,,ED06,OB01,0.979,0.622,0.44,0
missing_label(누락 후보),kr20170144461b1,,,LB01,EC04,0.983,0.69,0.42,0
missing_label(누락 후보),kr20170073248a,,,NC06,LC06,0.962,0.525,0.42,0
missing_label(누락 후보),kr20100103313a,,,NB02,LC06,0.993,0.956,0.41,0
missing_label(누락 후보),kr20180004999b1,,,EA07,LB13,0.967,0.603,0.4,0
missing_label(누락 후보),kr20190065183a,,,EH01 EH02,EH11,0.903,0.849,0.39,1
missing_label(누락 후보),kr20107014870b1,,,NB04,ED10,0.977,0.516,0.38,0
missing_label(누락 후보),kr20077028881a,,,EA01,LC14,0.952,0.694,0.36,0
missing_label(누락 후보),kr20190155342b1,,,EA03,EA09,0.928,0.897,0.36,1
missing_label(누락 후보),kr20210143303b1,,,ND04,EE13,0.958,0.563,0.35,0
missing_label(누락 후보),kr20080009877b1,,,EA07,EH02,0.966,0.929,0.34,0
missing_label(누락 후보),kr20150124990b1,,,EF04,EI07,0.967,0.828,0.3,0
missing_label(누락 후보),kr20090044372b1,,,EE06,EE03,0.997,0.787,0.29,1
missing_label(누락 후보),kr20100085646b1,,,EE06,EE03,0.993,0.654,0.29,1
missing_label(누락 후보),kr20120132689b1,,,LB11,LB01,0.978,0.906,0.29,1
missing_label(누락 후보),kr20070038142a,,,EH04,LB08,0.911,0.621,0.28,0
missing_label(누락 후보),kr20147008557b1,,,ND01,EB01,0.989,0.909,0.28,0
missing_label(누락 후보),kr20150173576b1,,,EA01,OA02,0.96,0.804,0.26,0
missing_label(누락 후보),kr20050121974b1,,,EB08,ED01,0.902,0.739,0.26,0
missing_label(누락 후보),kr20180038652b1,,,NB09,LA05,0.964,0.902,0.26,0
missing_label(누락 후보),kr20010023254b1,,,EF02,LB02,0.979,0.927,0.25,0
missing_label(누락 후보),kr20090131166b1,,,ED05,EB03,0.977,0.822,0.24,0
missing_label(누락 후보),kr20210025842b1,,,EA02 EH15,EE01,0.987,0.578,0.24,0
missing_label(누락 후보),kr20047012112b1,,,LC12,NC02,0.907,0.8,0.24,0
missing_label(누락 후보),kr20190054984b1,,,LB14,EA11,0.966,0.78,0.23,0
missing_label(누락 후보),kr20170163562a,,,EB05,EB06,0.989,0.951,0.22,1
missing_label(누락 후보),kr20167000266b1,,,EE05,EE06,0.991,0.685,0.21,1
missing_label(누락 후보),kr20167032719b1,,,EE05,EE06,0.951,0.633,0.21,1
missing_label(누락 후보),kr20190109605a,,,EH02,OB01,0.984,0.642,0.2,0
missing_label(누락 후보),kr20137031267a,,,NC01,NB03,0.985,0.621,0.19,0
missing_label(누락 후보),kr20180027593b1,,,LC13,EH10,0.977,0.532,0.15,0
missing_label(누락 후보),kr20010074490b1,,,EA04,EA03,0.962,0.943,0.13,1
missing_label(누락 후보),kr20000021393b1,,,LB12,LB01,0.967,0.729,0.13,1
missing_label(누락 후보),kr20147000922b1,,,LA11,LA06,0.994,0.656,0.13,1
missing_label(누락 후보),kr20190071132a,,,EA02,EB02,0.934,0.748,0.12,0
missing_label(누락 후보),kr20110145425b1,,,EE12,NB02,0.983,0.901,0.12,0
missing_label(누락 후보),kr20150157101a,,,EH08,EF01,0.995,0.939,0.12,0
missing_label(누락 후보),kr20180018704a,,,EI10,LC13,0.945,0.569,0.12,0
missing_label(누락 후보),kr20120039157b1,,,LA07 NC10,LB07,0.963,0.74,0.12,0
missing_label(누락 후보),kr20130095139b1,,,LC05,EI08,0.994,0.932,0.12,0
missing_label(누락 후보),kr20107013606a,,,NB09,EA01,0.947,0.568,0.12,0
missing_label(누락 후보),kr20117011998a,,,EA01,LB07,0.994,0.809,0.11,0
missing_label(누락 후보),kr20120078051b1,,,EA05,EC04,0.959,0.803,0.11,0
missing_label(누락 후보),kr20140019572b1,,,EH02,LB16,0.958,0.735,0.11,0
missing_label(누락 후보),kr20180167009a,,,EI04,EE10,0.975,0.642,0.11,0
missing_label(누락 후보),kr20140173765b1,,,EI07,EA05,0.99,0.658,0.1,0
missing_label(누락 후보),kr20080104993b1,,,EH06,EH02,0.975,0.855,0.09,1
missing_label(누락 후보),kr20187026381b1,,,EA08,LC06,0.992,0.851,0.0,0
missing_label(누락 후보),kr20207016831b1,,,EA08,LC06,0.992,0.845,0.0,0
missing_label(누락 후보),kr20190124246b1,,,EB03,EA02,0.997,0.939,0.0,0
missing_label(누락 후보),kr20120066812b1,,,ED01,EA12,0.988,0.875,0.0,0
missing_label(누락 후보),kr20097002237b1,,,EE01,NB04,0.996,0.883,0.0,0
missing_label(누락 후보),kr20190057671b1,,,EE01,EI10,0.902,0.639,0.0,0
missing_label(누락 후보),kr20200006270a,,,EE02,EF05,0.991,0.519,0.0,0
missing_label(누락 후보),kr20180047286b1,,,EE06,LC13,0.966,0.722,0.0,0
missing_label(누락 후보),kr20127006131b1,,,EE11,NB02,0.979,0.571,0.0,0
missing_label(누락 후보),kr20110114859b1,,,EF01,ED01,0.984,0.527,0.0,0
missing_label(누락 후보),kr20200167376a,,,EH03,LB03,0.988,0.572,0.0,0
missing_label(누락 후보),kr20200112748b1,,,EI03,EH05,0.982,0.924,0.0,0
missing_label(누락 후보),kr20100078939b1,,,LB01,EB03,0.939,0.898,0.0,0
missing_label(누락 후보),kr20200021212a,,,LB15,LC11,0.991,0.878,0.0,0
missing_label(누락 후보),kr20080113839b1,,,NB02,ED08,0.998,0.964,0.0,0
missing_label(누락 후보),kr20120153240b1,,,NB03,ND02,0.983,0.715,0.0,0
missing_label(누락 후보),kr20190176495a,,,NC01,EB08,0.918,0.742,0.0,0
missing_label(누락 후보),kr20130047330b1,,,ND01,EH05,0.983,0.512,0.0,0
missing_label(누락 후보),kr20080061111b1,,,EB08,ED08,0.997,0.614,0.0,0
missing_label(누락 후보),kr20120156649a,,,LB13,EI12,0.97,0.757,0.0,0
spurious_label(오부착 후보),kr20100100937b1,,,EA02 EF07,EA02,0.002,0.027,0.0,
spurious_label(오부착 후보),kr20180043394b1,,,EA04 EH01 EH08 EH09 EH10 ND04,EA04,0.034,0.496,0.0,
spurious_label(오부착 후보),kr20210094112b1,,,EA07 LB08 LB15,LB15,0.019,0.131,0.0,
spurious_label(오부착 후보),kr20060025845b1,,,EA08 ED07,ED07,0.023,0.364,0.0,
spurious_label(오부착 후보),kr20110086370b1,,,EA09 OB02,EA09,0.03,0.048,0.0,
spurious_label(오부착 후보),kr20110123665b1,,,EB08 ED08,EB08,0.005,0.449,0.0,
spurious_label(오부착 후보),kr20130119247b1,,,ED03 EI11,ED03,0.03,0.437,0.0,
spurious_label(오부착 후보),kr20037014334b1,,,EB07 ED05,ED05,0.014,0.027,0.0,
spurious_label(오부착 후보),kr20197031141a,,,EE02 LA06,LA06,0.06,0.206,0.0,
spurious_label(오부착 후보),kr20120059386b1,,,EA13 EE05 NB01,NB01,0.002,0.044,0.0,
spurious_label(오부착 후보),kr20217006852b1,,,EF01 NC02,EF01,0.029,0.107,0.0,
spurious_label(오부착 후보),kr20180033036b1,,,EF05 LB20,EF05,0.002,0.022,0.0,
spurious_label(오부착 후보),kr20100096141b1,,,EH10 ND11,EH10,0.0,0.01,0.0,
spurious_label(오부착 후보),kr20210089317b1,,,EI04 NC07,EI04,0.01,0.07,0.0,
spurious_label(오부착 후보),kr20120024464b1,,,EE13 EI10,EE13,0.003,0.067,0.0,
spurious_label(오부착 후보),kr20160172700b1,,,LA04 LC07,LA04,0.001,0.025,0.0,
spurious_label(오부착 후보),kr20127031984a,,,NB06 ND14,ND14,0.033,0.208,0.0,
spurious_label(오부착 후보),kr20177006519b1,,,EA06 ED10,ED10,0.001,0.087,0.07,
spurious_label(오부착 후보),kr20120023723b1,,,EA07 LB12,EA07,0.002,0.12,0.09,
spurious_label(오부착 후보),kr20210011754b1,,,LC03 LC15,LC03,0.008,0.063,0.11,
spurious_label(오부착 후보),kr20210031244a,,,EH02 EI03,EI03,0.027,0.426,0.12,
spurious_label(오부착 후보),kr20040027499a,,,LA06 NB01,LA06,0.004,0.184,0.12,
spurious_label(오부착 후보),kr20160005338b1,,,LC02 NC09,NC09,0.098,0.163,0.12,
spurious_label(오부착 후보),kr20130035408b1,,,EC06 ND01,EC06,0.007,0.202,0.13,
spurious_label(오부착 후보),kr20200103584a,,,EH07 EI12,EI12,0.008,0.083,0.13,
spurious_label(오부착 후보),kr20180012283a,,,EH11 NC10,NC10,0.008,0.085,0.13,
spurious_label(오부착 후보),kr20077016594b1,,,ED10 NC07,ED10,0.056,0.397,0.19,
spurious_label(오부착 후보),kr20050079423b1,,,EA05 ED03 EF04,EA05,0.008,0.008,0.2,
spurious_label(오부착 후보),kr20140147951b1,,,NB01 NB07,NB07,0.015,0.123,0.21,
spurious_label(오부착 후보),kr20180002787b1,,,LA03 LC15 NC09,NC09,0.041,0.067,0.23,
spurious_label(오부착 후보),kr20117002555b1,,,EA01 LC04,EA01,0.093,0.239,0.25,
spurious_label(오부착 후보),kr20140156187b1,,,EC10 LA02 LC08,EC10,0.064,0.116,0.27,
spurious_label(오부착 후보),kr20040051324a,,,LB17 LC07,LB17,0.015,0.419,0.27,
spurious_label(오부착 후보),kr20177013949b1,,,EG09 LC14,EG09,0.026,0.178,0.28,
spurious_label(오부착 후보),kr20190105808b1,,,LB06 LC07,LB06,0.075,0.447,0.28,
spurious_label(오부착 후보),kr20190013369b1,,,EA01 EI01,EA01,0.006,0.298,0.29,
spurious_label(오부착 후보),kr20140099583b1,,,EI02 LB20 NB02 OB01,EI02,0.006,0.044,0.3,
spurious_label(오부착 후보),kr20140099583b1,,,EI02 LB20 NB02 OB01,LB20,0.015,0.02,0.3,
spurious_label(오부착 후보),kr20200087216b1,,,EI10 LB19,LB19,0.072,0.213,0.3,
spurious_label(오부착 후보),kr20190080730a,,,EC01 EH02,EH02,0.026,0.121,0.31,
spurious_label(오부착 후보),kr20210082595b1,,,ND04 ND05 ND12,ND12,0.0,0.017,0.31,
spurious_label(오부착 후보),kr20087001826b1,,,EA10 EB08 EF06 ND09 ND10,EB08,0.048,0.082,0.32,
spurious_label(오부착 후보),kr20197014004b1,,,ED02 ED05,ED05,0.033,0.145,0.33,
spurious_label(오부착 후보),kr20190065183a,,,EH01 EH02,EH01,0.009,0.092,0.33,
spurious_label(오부착 후보),kr20140090629b1,,,EF03 LB05,LB05,0.014,0.306,0.34,
spurious_label(오부착 후보),kr20107026029b1,,,LC12 LC14,LC14,0.007,0.079,0.34,
spurious_label(오부착 후보),kr20100038245b1,,,EF02 LC11,LC11,0.015,0.474,0.35,
spurious_label(오부착 후보),kr20080000662b1,,,EE04 EE11,EE11,0.007,0.142,0.36,
spurious_label(오부착 후보),kr20190004933a,,,EH07 EH11,EH11,0.089,0.289,0.36,
spurious_label(오부착 후보),kr20090051264b1,,,LC14 OB02,LC14,0.003,0.203,0.36,
spurious_label(오부착 후보),kr20150067538b1,,,EE13 EI04,EI04,0.0,0.009,0.37,
spurious_label(오부착 후보),kr20150114218a,,,EH08 EI12,EH08,0.005,0.04,0.38,
spurious_label(오부착 후보),kr20020041387a,,,LB05 LB06,LB06,0.002,0.026,0.38,
spurious_label(오부착 후보),kr20000061092a,,,LC07 LC12,LC12,0.008,0.337,0.38,
spurious_label(오부착 후보),kr20140115173b1,,,EA01 EB07 EI07,EI07,0.001,0.007,0.46,
spurious_label(오부착 후보),kr20090072365b1,,,EB08 ED04,EB08,0.002,0.056,0.49,
spurious_label(오부착 후보),kr20110050947a,,,EH04 LB09,LB09,0.035,0.175,0.5,
spurious_label(오부착 후보),kr20210027449b1,,,LA09 LB15 LB18 LC11,LB15,0.02,0.128,0.53,
spurious_label(오부착 후보),kr20120069948b1,,,LA10 OA04,LA10,0.037,0.351,0.56,
spurious_label(오부착 후보),kr20190059896b1,,,LC01 NC04,NC04,0.006,0.044,0.61,
spurious_label(오부착 후보),kr20130003511a,,,LA05 LA11,LA11,0.003,0.01,0.64,
spurious_label(오부착 후보),kr20150132145b1,,,LA05 LA11,LA11,0.003,0.01,0.64,
spurious_label(오부착 후보),kr20080055580b1,,,LB15 LB20,LB20,0.011,0.459,0.64,
spurious_label(오부착 후보),kr20200188497a,,,LB15 LB20,LB15,0.019,0.281,0.64,
spurious_label(오부착 후보),kr20190106925b1,,,EF01 NC08,EF01,0.006,0.169,0.66,
spurious_label(오부착 후보),kr20150123943b1,,,EH06 EH08 LB14 ND08 ND10,EH08,0.046,0.111,0.68,
spurious_label(오부착 후보),kr20070123231b1,,,LA06 LA08,LA08,0.0,0.096,0.7,
spurious_label(오부착 후보),kr20060046413b1,,,LB09 LB16 LB17,LB09,0.005,0.027,0.7,
spurious_label(오부착 후보),kr20160016160b1,,,LB09 LB16,LB09,0.05,0.244,0.7,
spurious_label(오부착 후보),kr20190158470b1,,,EI09 ND04 ND06,EI09,0.004,0.033,0.71,
spurious_label(오부착 후보),kr20047016649b1,,,LA01 LA03 LC01,LC01,0.006,0.041,0.71,
spurious_label(오부착 후보),kr20057002524b1,,,LA03 LC01,LA03,0.004,0.367,0.71,
spurious_label(오부착 후보),kr20100047624b1,,,EA01 EF02,EA01,0.006,0.119,0.74,
spurious_label(오부착 후보),kr20130112024b1,,,EG04 EG08 EG09 EI01 NB02,EI01,0.008,0.154,0.83,
spurious_label(오부착 후보),kr20170109108b1,,,EH07 EH10 ND03,EH10,0.02,0.215,0.84,
spurious_label(오부착 후보),kr20150081607b1,,,LA09 LB18 LB19,LB19,0.009,0.184,0.89,
spurious_label(오부착 후보),kr20140099583b1,,,EI02 LB20 NB02 OB01,NB02,0.003,0.041,0.95,
spurious_label(오부착 후보),kr20020018369b1,,,LA02 LB05,LA02,0.004,0.484,0.99,
spurious_label(오부착 후보),kr20090106652b1,,,EB01 EB08,EB01,0.047,0.123,1.0,
spurious_label(오부착 후보),kr20180054431b1,,,EB03 EB08,EB08,0.016,0.091,1.02,
spurious_label(오부착 후보),kr20070132386a,,,LA08 LB06,LA08,0.064,0.158,1.05,
spurious_label(오부착 후보),kr20090120407a,,,LB13 ND09,ND09,0.021,0.169,1.07,
spurious_label(오부착 후보),kr20180002787b1,,,LA03 LC15 NC09,LA03,0.005,0.155,1.09,
spurious_label(오부착 후보),kr20190168656b1,,,EH05 NB05 ND02,EH05,0.059,0.423,1.16,
spurious_label(오부착 후보),kr20200110118b1,,,EH05 ND02,EH05,0.024,0.344,1.16,
spurious_label(오부착 후보),kr20107001642a,,,LA01 OA03,LA01,0.014,0.108,1.18,
spurious_label(오부착 후보),kr20210110794b1,,,ND02 ND09 ND13,ND13,0.01,0.139,1.27,
spurious_label(오부착 후보),kr20190059232b1,,,EB02 EB05,EB05,0.005,0.101,1.28,
spurious_label(오부착 후보),kr20077003599b1,,,ED10 NB05,ED10,0.079,0.408,1.28,
spurious_label(오부착 후보),kr20170099122b1,,,EC05 LB04 LB05,EC05,0.005,0.216,1.37,
spurious_label(오부착 후보),kr20060043623b1,,,EA02 EA08,EA02,0.053,0.062,1.41,
spurious_label(오부착 후보),kr20190174237b1,,,EB05 EC01 EF06 NC03,EB05,0.02,0.056,1.42,
spurious_label(오부착 후보),kr20050100712a,,,EI09 LB14,LB14,0.016,0.215,1.45,
spurious_label(오부착 후보),kr20190166892b1,,,LB20 LC11,LC11,0.056,0.411,1.47,
spurious_label(오부착 후보),kr20200119078a,,,EH08 LB07 LB16,EH08,0.038,0.075,1.5,
spurious_label(오부착 후보),kr20130095808b1,,,ED11 EE05,EE05,0.019,0.05,1.57,
spurious_label(오부착 후보),kr20190178247b1,,,EA14 EH15 ND07,EH15,0.006,0.033,1.71,
spurious_label(오부착 후보),kr20140179048a,,,LB20 ND05,ND05,0.05,0.369,1.72,
spurious_label(오부착 후보),kr20210176529b1,,,LB01 LB05,LB01,0.021,0.41,1.74,
spurious_label(오부착 후보),kr20180080042b1,,,EE03 LC06,EE03,0.049,0.258,1.79,
spurious_label(오부착 후보),kr20087001826b1,,,EA10 EB08 EF06 ND09 ND10,EF06,0.016,0.215,1.97,
spurious_label(오부착 후보),kr20020009750b1,,,EA13 ED08 EE05 EE11,ED08,0.05,0.172,1.99,
spurious_label(오부착 후보),kr20050035461b1,,,EC04 LC08 LC15 NC10,EC04,0.051,0.074,1.99,
spurious_label(오부착 후보),kr20217039500a,,,EA06 NC09,NC09,0.005,0.04,2.04,
spurious_label(오부착 후보),jp2016124951a,,,EC10 EG01 EG02 EG03 EG04 EG05,EC10,0.079,0.12,2.05,
spurious_label(오부착 후보),kr20210194089b1,,,EA13 ND02,EA13,0.0,0.196,2.09,
spurious_label(오부착 후보),kr20130131000b1,,,EA15 ED11,ED11,0.036,0.162,2.18,
spurious_label(오부착 후보),kr20070125951b1,,,EF02 EH04 EH06 EI04 ND09,EI04,0.057,0.111,2.21,
spurious_label(오부착 후보),kr20090132434b1,,,EB08 EC02,EB08,0.036,0.284,2.24,
spurious_label(오부착 후보),kr20140021181a,,,EG04 EG07,EG04,0.011,0.22,2.24,
spurious_label(오부착 후보),kr20170171525a,,,EH06 LB13,EH06,0.001,0.03,2.24,
spurious_label(오부착 후보),kr20080007073b1,,,ND01 ND02,ND01,0.048,0.3,2.44,
spurious_label(오부착 후보),kr20060087785b1,,,EH09 EH10 EH13 EH14 ND03,ND03,0.059,0.209,2.47,
spurious_label(오부착 후보),kr20080057832b1,,,EH14 NC08 ND03,ND03,0.016,0.111,2.47,
spurious_label(오부착 후보),kr20210017487a,,,EC10 ND03,ND03,0.046,0.151,2.51,
spurious_label(오부착 후보),kr20180130083b1,,,EI03 EI11,EI03,0.021,0.156,2.51,
spurious_label(오부착 후보),kr20130107919b1,,,EA06 EC02,EA06,0.019,0.158,2.56,
spurious_label(오부착 후보),kr20147023308b1,,,LB19 LC11,LC11,0.014,0.192,2.56,
spurious_label(오부착 후보),kr20110014949b1,,,EC04 LB06,EC04,0.001,0.026,2.57,
spurious_label(오부착 후보),kr20050109339b1,,,EI08 EI11,EI08,0.064,0.269,2.62,
spurious_label(오부착 후보),kr20070026092b1,,,NB05 NB09,NB09,0.006,0.058,2.67,
spurious_label(오부착 후보),kr20040083009b1,,,ED11 EI07,ED11,0.048,0.089,2.74,
spurious_label(오부착 후보),kr20190132468b1,,,ED11 EI07,ED11,0.033,0.418,2.74,
spurious_label(오부착 후보),kr20190174237b1,,,EB05 EC01 EF06 NC03,NC03,0.016,0.065,2.77,
spurious_label(오부착 후보),kr20200106207b1,,,EC05 LC13,EC05,0.003,0.067,2.84,
spurious_label(오부착 후보),kr20050088303b1,,,EE06 EE11,EE06,0.006,0.113,2.85,
spurious_label(오부착 후보),kr20200159955a,,,EI03 EI06,EI03,0.003,0.035,2.9,
spurious_label(오부착 후보),kr20070016518a,,,EG05 EG10 NB03 NB04,NB04,0.051,0.098,2.92,
spurious_label(오부착 후보),kr20160172394b1,,,EA10 EH06 EI04,EI04,0.035,0.252,2.95,
spurious_label(오부착 후보),kr20210044222b1,,,EA10 EI04,EI04,0.009,0.274,2.95,
spurious_label(오부착 후보),kr20150000073b1,,,EF06 EI12 ND05,EF06,0.059,0.379,3.0,
spurious_label(오부착 후보),kr20070019886b1,,,LA06 LA07 LA10,LA06,0.002,0.058,3.05,
spurious_label(오부착 후보),kr20130120382b1,,,LA06 LA07 LB07 LB16,LA07,0.072,0.391,3.05,
spurious_label(오부착 후보),kr20180173898a,,,NC01 NC08,NC01,0.002,0.085,3.12,
spurious_label(오부착 후보),kr20047004009b1,,,NC01 NC05,NC01,0.015,0.325,3.13,
spurious_label(오부착 후보),kr20190093238b1,,,EB08 EC07,EB08,0.021,0.158,3.19,
spurious_label(오부착 후보),kr20130011080b1,,,ED07 EH13,ED07,0.043,0.299,3.22,
spurious_label(오부착 후보),kr20150013502b1,,,EH03 EI09 ND01,ND01,0.024,0.385,3.22,
spurious_label(오부착 후보),kr20090009752b1,,,EH11 EH12 LB16,EH11,0.005,0.111,3.31,
spurious_label(오부착 후보),kr20170175916b1,,,EA14 ED07 EE13,ED07,0.004,0.243,3.36,
spurious_label(오부착 후보),kr20170181904b1,,,EC11 ED11,ED11,0.013,0.123,3.4,
spurious_label(오부착 후보),kr20210103043b1,,,EA02 EH15,EH15,0.035,0.083,3.53,
spurious_label(오부착 후보),kr20210025842b1,,,EA02 EH15,EH15,0.002,0.048,3.53,
spurious_label(오부착 후보),kr20067007785b1,,,ED07 LA07 LA10,ED07,0.01,0.12,3.77,
spurious_label(오부착 후보),kr20100075240a,,,LA09 LA10,LA10,0.005,0.101,3.79,
spurious_label(오부착 후보),kr20110142388b1,,,EC04 LA06,EC04,0.075,0.166,3.95,
spurious_label(오부착 후보),kr20000086766b1,,,LC04 LC06,LC06,0.046,0.144,4.06,
spurious_label(오부착 후보),kr20090102586b1,,,LC04 LC06,LC04,0.01,0.399,4.06,
spurious_label(오부착 후보),kr20150090164b1,,,EF02 EG05 EG06,EF02,0.009,0.13,4.22,
spurious_label(오부착 후보),kr20190076869b1,,,ED02 NB06,NB06,0.069,0.252,4.27,
spurious_label(오부착 후보),kr20190065998b1,,,ED02 NB06,NB06,0.021,0.317,4.27,
spurious_label(오부착 후보),kr20070047486b1,,,EH03 EH08 ND01,EH08,0.011,0.282,4.48,
spurious_label(오부착 후보),kr20160151288b1,,,EA14 EE13 EI11,EI11,0.017,0.173,4.53,
spurious_label(오부착 후보),kr20060058159b1,,,LB10 LB11,LB10,0.016,0.102,4.54,
spurious_label(오부착 후보),kr20070009203a,,,EA10 EH06 EI09 LB14 ND08,EI09,0.046,0.448,4.88,
spurious_label(오부착 후보),kr20090012299b1,,,LC05 OB01,OB01,0.05,0.057,4.95,
spurious_label(오부착 후보),kr20160146571b1,,,ND11 ND13,ND13,0.055,0.374,4.96,
spurious_label(오부착 후보),kr20060041231b1,,,EH02 ND03,EH02,0.076,0.229,5.12,
spurious_label(오부착 후보),kr20207024748a,,,NB06 NC01,NC01,0.015,0.127,5.43,
spurious_label(오부착 후보),kr20080030442a,,,EI10 LB20,EI10,0.028,0.202,5.58,
spurious_label(오부착 후보),kr20030095157b1,,,LA08 LA09 ND03,LA08,0.021,0.04,5.59,
spurious_label(오부착 후보),kr20030095157b1,,,LA08 LA09 ND03,LA09,0.019,0.062,5.59,
spurious_label(오부착 후보),jp2019079863b1,,,ND02 ND07 ND14,ND14,0.07,0.343,5.79,
spurious_label(오부착 후보),kr20180147937b1,,,EA07 EF06,EA07,0.039,0.192,5.8,
spurious_label(오부착 후보),kr20160181471b1,,,EA07 EF06,EA07,0.005,0.128,5.8,
spurious_label(오부착 후보),kr20160044212b1,,,EA09 EI06,EA09,0.09,0.297,6.29,
spurious_label(오부착 후보),kr20120126694b1,,,EI02 LB11,EI02,0.031,0.122,6.62,
spurious_label(오부착 후보),kr20090010330b1,,,EH04 LB14,LB14,0.055,0.211,6.71,
spurious_label(오부착 후보),kr20140034419b1,,,ND01 ND03,ND03,0.078,0.39,6.78,
spurious_label(오부착 후보),kr20070020237b1,,,EH04 EI09,EH04,0.014,0.066,7.13,
spurious_label(오부착 후보),kr20030056601b1,,,EA13 EE05 ND14,ND14,0.0,0.028,7.21,
spurious_label(오부착 후보),kr20120141524a,,,EI01 EI12,EI12,0.083,0.123,7.29,
spurious_label(오부착 후보),kr20180053049b1,,,EB03 NC09,EB03,0.028,0.283,7.47,
spurious_label(오부착 후보),kr20140112961a,,,LB13 LB15,LB13,0.083,0.436,7.93,
spurious_label(오부착 후보),kr20180154441b1,,,LB13 LB15,LB15,0.02,0.118,7.93,
spurious_label(오부착 후보),kr20120115143b1,,,NB03 NB09,NB03,0.023,0.435,8.36,
spurious_label(오부착 후보),kr20140186828b1,,,NB03 NB09,NB09,0.037,0.204,8.36,
spurious_label(오부착 후보),kr19970061584b1,,,EA14 EE13 EH10,EH10,0.038,0.471,8.58,
spurious_label(오부착 후보),jp2013049697b2,,,EC10 NB03,NB03,0.026,0.166,8.6,
spurious_label(오부착 후보),kr20150007998b1,,,EI03 EI04,EI04,0.088,0.249,8.93,
spurious_label(오부착 후보),kr20150189289b1,,,EI03 EI04,EI04,0.003,0.34,8.93,
spurious_label(오부착 후보),kr20190076663b1,,,EE13 EH05 EH10 ND02 ND07,EH10,0.091,0.385,8.96,
spurious_label(오부착 후보),kr20170090543b1,,,EA14 EH10 ND07,EH10,0.07,0.17,8.96,
spurious_label(오부착 후보),kr20197022381b1,,,EC05 NC07,EC05,0.051,0.47,9.21,
spurious_label(오부착 후보),kr20150184897b1,,,EE12 EI05,EE12,0.035,0.219,9.33,
spurious_label(오부착 후보),kr20057024708b1,,,ED04 ED07,ED07,0.075,0.235,9.37,
spurious_label(오부착 후보),kr20100126517b1,,,EC11 EE14,EC11,0.065,0.304,9.58,
spurious_label(오부착 후보),kr20140067764b1,,,EA13 EE05 EE11 EI05 EI08,EE11,0.045,0.445,9.82,
spurious_label(오부착 후보),kr20160110729b1,,,EA13 EE05 EE11,EE11,0.05,0.249,9.82,
spurious_label(오부착 후보),kr20047004459b1,,,EE05 EE06 EE07 EE11,EE05,0.01,0.06,9.82,
spurious_label(오부착 후보),kr20190080019b1,,,EC10 EG07 EH13 NB09,NB09,0.035,0.215,9.99,
spurious_label(오부착 후보),kr20200000159b1,,,EG07 NB03 NB09,NB09,0.036,0.437,9.99,
spurious_label(오부착 후보),kr20090099242a,,,LB13 ND10,ND10,0.028,0.403,10.34,
spurious_label(오부착 후보),kr20140156187b1,,,EC10 LA02 LC08,LA02,0.009,0.229,10.99,
spurious_label(오부착 후보),kr20200097526a,,,LB20 LC12,LB20,0.018,0.17,10.99,
spurious_label(오부착 후보),kr20017011675b1,,,LC04 LC06 LC14,LC06,0.03,0.068,11.25,
spurious_label(오부착 후보),kr20170052361b1,,,LA06 NC06 NC07,LA06,0.066,0.172,11.8,
spurious_label(오부착 후보),kr20120039157b1,,,LA07 NC10,LA07,0.067,0.197,12.06,
spurious_label(오부착 후보),kr20150174972a,,,EA12 EA13 EE05 ND14,ND14,0.01,0.042,12.25,
spurious_label(오부착 후보),kr20110047599a,,,LB18 LC12,LB18,0.006,0.178,12.91,
spurious_label(오부착 후보),kr20030085838b1,,,LA09 LB18 LC11,LA09,0.05,0.453,12.98,
spurious_label(오부착 후보),kr20090132165a,,,LA09 LB18,LA09,0.006,0.278,12.98,
spurious_label(오부착 후보),kr20170152940b1,,,LA09 LB18,LA09,0.003,0.237,12.98,
spurious_label(오부착 후보),kr20130040801b1,,,ED04 ED05 ED07,ED07,0.038,0.486,13.72,
spurious_label(오부착 후보),kr20177011281b1,,,ED05 ED07,ED05,0.052,0.274,13.72,
spurious_label(오부착 후보),kr20200145439b1,,,EH13 ND04,ND04,0.011,0.112,13.77,
spurious_label(오부착 후보),kr20077018516a,,,LC01 OA02 OA03,OA02,0.057,0.285,13.83,
spurious_label(오부착 후보),kr20160137634b1,,,OA01 OA02 OA03,OA02,0.008,0.354,13.83,
spurious_label(오부착 후보),kr20000038074a,,,EI01 EI05,EI01,0.015,0.129,13.85,
spurious_label(오부착 후보),kr20197004269b1,,,EG04 EG05 EG06 EG09 NB03,NB03,0.069,0.08,14.07,
spurious_label(오부착 후보),kr20117016736b1,,,EG06 EG08 NB03,NB03,0.01,0.159,14.07,
spurious_label(오부착 후보),kr20120085599b1,,,OA04 OB01,OB01,0.088,0.479,14.64,
spurious_label(오부착 후보),kr20160123154a,,,OA04 OB01,OB01,0.003,0.055,14.64,
spurious_label(오부착 후보),kr20190135833a,,,OA04 OB01,OB01,0.001,0.138,14.64,
spurious_label(오부착 후보),kr20217003379a,,,OA04 OB01,OB01,0.023,0.172,14.64,
spurious_label(오부착 후보),kr20190171596a,,,ND08 ND10,ND08,0.024,0.113,16.93,
spurious_label(오부착 후보),kr20200059007a,,,LB01 LB02,LB02,0.008,0.156,17.11,
spurious_label(오부착 후보),kr20190061498b1,,,LB05 LB08 LB09,LB08,0.026,0.39,18.31,
spurious_label(오부착 후보),kr20190061498b1,,,LB05 LB08 LB09,LB09,0.054,0.304,18.31,
spurious_label(오부착 후보),kr20180167294b1,,,LB08 LB09,LB09,0.045,0.333,18.31,
spurious_label(오부착 후보),kr20100137380a,,,EA15 EB08 EC11 ED11 EE14,ED11,0.034,0.201,18.32,
spurious_label(오부착 후보),kr20140029765b1,,,LC04 LC14,LC04,0.028,0.49,18.55,
spurious_label(오부착 후보),kr20057012581b1,,,EH06 EI08,EH06,0.002,0.178,18.8,
spurious_label(오부착 후보),kr20060065731b1,,,ED04 ED05,ED04,0.014,0.423,20.06,
spurious_label(오부착 후보),kr20080073167b1,,,EH03 EI09,EH03,0.045,0.434,20.86,
spurious_label(오부착 후보),kr20090061519b1,,,EH03 EI09,EI09,0.012,0.379,20.86,
spurious_label(오부착 후보),kr20130151065b1,,,EH03 EI09,EI09,0.055,0.468,20.86,
spurious_label(오부착 후보),kr20200119078a,,,EH08 LB07 LB16,LB16,0.052,0.163,21.63,
spurious_label(오부착 후보),jp2017072478a,,,EA13 ND13,ND13,0.099,0.325,22.22,
spurious_label(오부착 후보),kr20060053204b1,,,EA13 EE05 ND13,ND13,0.076,0.076,22.22,
spurious_label(오부착 후보),jp2012243303a,,,EG01 EG05,EG05,0.011,0.123,22.8,
spurious_label(오부착 후보),kr20120098780b1,,,ED03 EF04,EF04,0.007,0.134,23.07,
spurious_label(오부착 후보),kr20170016897b1,,,ED03 EF04,EF04,0.008,0.083,23.07,
spurious_label(오부착 후보),kr20090084848b1,,,EC10 EE13 ND02 ND03 ND07,EE13,0.019,0.386,23.6,
spurious_label(오부착 후보),kr20070006241b1,,,LA03 OA01,LA03,0.006,0.05,24.14,
spurious_label(오부착 후보),kr20200121207b1,,,EA11 ED11 EI07,EI07,0.016,0.483,24.79,
spurious_label(오부착 후보),kr20200131384b1,,,EA11 ED11 EE14 EI07,EI07,0.089,0.444,24.79,
spurious_label(오부착 후보),kr20180066602b1,,,EA11 EI07,EI07,0.007,0.05,24.79,
spurious_label(오부착 후보),kr20030085838b1,,,LA09 LB18 LC11,LC11,0.035,0.482,25.01,
spurious_label(오부착 후보),kr20110040536b1,,,LA09 LB18 LC11,LC11,0.089,0.262,25.01,
spurious_label(오부착 후보),kr20210027449b1,,,LA09 LB15 LB18 LC11,LC11,0.014,0.258,25.01,
spurious_label(오부착 후보),kr20070111471b1,,,LB18 LC11,LC11,0.032,0.438,25.01,
spurious_label(오부착 후보),kr20120125077b1,,,LB18 LC11,LC11,0.058,0.437,25.01,
spurious_label(오부착 후보),kr20100002647b1,,,LB18 LC11,LC11,0.089,0.433,25.01,
spurious_label(오부착 후보),kr20000048770a,,,LA08 LA09 LA10,LA10,0.072,0.321,25.67,
spurious_label(오부착 후보),kr20010019613b1,,,LA08 LA10,LA08,0.08,0.114,25.67,
spurious_label(오부착 후보),kr20130047569b1,,,LA08 LA10,LA08,0.021,0.041,25.67,
spurious_label(오부착 후보),kr20130047569b1,,,LA08 LA10,LA10,0.031,0.037,25.67,
spurious_label(오부착 후보),kr20040051829b1,,,ND13 ND14,ND14,0.045,0.086,25.95,
spurious_label(오부착 후보),kr20047014132b1,,,LB17 LC11,LC11,0.011,0.282,26.17,
spurious_label(오부착 후보),kr20040035571b1,,,EG05 EG06 EG09,EG09,0.028,0.149,26.89,
spurious_label(오부착 후보),kr20190075498b1,,,EE13 ND04 ND06,ND04,0.011,0.184,28.35,
spurious_label(오부착 후보),kr20210186583b1,,,EH06 ND08,ND08,0.027,0.311,28.42,
spurious_label(오부착 후보),kr20040008343b1,,,ED06 EE08,ED06,0.014,0.315,29.15,
spurious_label(오부착 후보),kr20140017005b1,,,ED06 EE08,ED06,0.046,0.388,29.15,
spurious_label(오부착 후보),kr20107021508b1,,,EG07 NB03,NB03,0.008,0.056,29.33,
spurious_label(오부착 후보),kr20100128875a,,,EA10 EI08,EA10,0.051,0.472,30.95,
spurious_label(오부착 후보),kr20160026557b1,,,EA10 EI08,EI08,0.011,0.066,30.95,
spurious_label(오부착 후보),kr20030076690b1,,,EA10 EH06 LB14,EA10,0.009,0.366,31.35,
spurious_label(오부착 후보),kr20030076690b1,,,EA10 EH06 LB14,EH06,0.016,0.329,31.35,
spurious_label(오부착 후보),kr20070009203a,,,EA10 EH06 EI09 LB14 ND08,EA10,0.082,0.49,31.35,
spurious_label(오부착 후보),kr20200134039a,,,EA10 EH06,EH06,0.045,0.178,31.35,
spurious_label(오부착 후보),kr20087020371b1,,,NB08 ND12 ND14,NB08,0.031,0.17,33.22,
spurious_label(오부착 후보),kr20120134482b1,,,LA07 LA10,LA07,0.028,0.168,34.18,
spurious_label(오부착 후보),kr20190118241b1,,,EA14 ND07 ND14,EA14,0.089,0.446,35.16,
spurious_label(오부착 후보),kr20200024676b1,,,EC10 EH08 EH09 EH13 ND04,ND04,0.029,0.26,35.66,
spurious_label(오부착 후보),kr20057006691a,,,EH09 NB09 ND04,EH09,0.007,0.086,35.66,
spurious_label(오부착 후보),kr20090124675b1,,,EA12 EA13 ND12 ND13,EA12,0.078,0.291,36.95,
spurious_label(오부착 후보),kr20190057740b1,,,EH01 EH09 EH10 ND04,ND04,0.04,0.276,37.59,
spurious_label(오부착 후보),kr20140122942b1,,,ND12 ND13,ND12,0.013,0.083,41.48,
spurious_label(오부착 후보),kr20140122942b1,,,ND12 ND13,ND13,0.078,0.136,41.48,
spurious_label(오부착 후보),kr20217039062a,,,EH12 EH14,EH12,0.009,0.294,45.41,
spurious_label(오부착 후보),kr20190104380b1,,,EH01 EH09 EH10 EH12 EH14 EH15,EH01,0.029,0.373,45.91,
spurious_label(오부착 후보),kr20190029737b1,,,EA14 EE13 ND02 ND07,EE13,0.031,0.303,46.15,
spurious_label(오부착 후보),kr20150032744b1,,,EA14 EE13,EE13,0.082,0.465,46.15,
spurious_label(오부착 후보),kr20140158645b1,,,OA01 OA03,OA03,0.016,0.259,47.98,
spurious_label(오부착 후보),kr20180133667b1,,,EG01 EG02 EG03 EG04 EG05 EG06 EG09,EG03,0.077,0.289,50.48,
spurious_label(오부착 후보),kr20110127745b1,,,EG01 EG02 EG04 EG09 NB03,EG09,0.09,0.367,56.94,
spurious_label(오부착 후보),kr20210013533b1,,,EG04 EG09,EG04,0.034,0.239,56.94,
spurious_label(오부착 후보),kr20150174972a,,,EA12 EA13 EE05 ND14,EE05,0.08,0.281,62.05,
spurious_label(오부착 후보),kr20090123774b1,,,EG02 EG04 EG08 EG09,EG09,0.091,0.466,63.67,
spurious_label(오부착 후보),kr20190104380b1,,,EH01 EH09 EH10 EH12 EH14 EH15,EH09,0.022,0.267,102.59,
spurious_label(오부착 후보),kr20200133582a,,,EH08 EH09,EH09,0.057,0.223,110.23,
spurious_label(오부착 후보),kr20210017481b1,,,EH01 EH08 EH09 EH10 EH12 EH14 EH15 ND04,EH15,0.061,0.191,113.95,
spurious_label(오부착 후보),kr20200047260b1,,,EA02,EA02,0.01,0.075,nan,
spurious_label(오부착 후보),kr20210032986a,,,EA02,EA02,0.041,0.413,nan,
spurious_label(오부착 후보),kr20100086203b1,,,EA05,EA05,0.041,0.324,nan,
spurious_label(오부착 후보),kr20170023474b1,,,EA06,EA06,0.015,0.217,nan,
spurious_label(오부착 후보),kr20080009877b1,,,EA07,EA07,0.013,0.256,nan,
spurious_label(오부착 후보),kr20120018765b1,,,EA07,EA07,0.011,0.108,nan,
spurious_label(오부착 후보),kr20180004999b1,,,EA07,EA07,0.001,0.067,nan,
spurious_label(오부착 후보),kr20187026381b1,,,EA08,EA08,0.001,0.007,nan,
spurious_label(오부착 후보),kr20207016831b1,,,EA08,EA08,0.001,0.007,nan,
spurious_label(오부착 후보),kr20090008100b1,,,EA09,EA09,0.086,0.182,nan,
spurious_label(오부착 후보),kr20220049457b1,,,EA09,EA09,0.053,0.319,nan,
spurious_label(오부착 후보),kr20160090125a,,,EA12,EA12,0.018,0.446,nan,
spurious_label(오부착 후보),kr20180136760b1,,,EB03,EB03,0.005,0.077,nan,
spurious_label(오부착 후보),kr20190124246b1,,,EB03,EB03,0.011,0.108,nan,
spurious_label(오부착 후보),kr20170128120b1,,,EB05,EB05,0.056,0.248,nan,
spurious_label(오부착 후보),kr20170163562a,,,EB05,EB05,0.024,0.073,nan,
spurious_label(오부착 후보),kr20027007324b1,,,EB08,EB08,0.001,0.07,nan,
spurious_label(오부착 후보),kr20140125015b1,,,EB08,EB08,0.035,0.267,nan,
spurious_label(오부착 후보),kr20190064534b1,,,EB08,EB08,0.007,0.181,nan,
spurious_label(오부착 후보),kr20200167584b1,,,EB08,EB08,0.057,0.346,nan,
spurious_label(오부착 후보),kr20130042328b1,,,EC04,EC04,0.0,0.008,nan,
spurious_label(오부착 후보),kr20150134272b1,,,EC06,EC06,0.005,0.014,nan,
spurious_label(오부착 후보),kr20190000383b1,,,EC08,EC08,0.001,0.202,nan,
spurious_label(오부착 후보),kr20070046313b1,,,EC11,EC11,0.015,0.166,nan,
spurious_label(오부착 후보),kr20140011714b1,,,EC11,EC11,0.001,0.085,nan,
spurious_label(오부착 후보),kr20170124364b1,,,EC11,EC11,0.003,0.021,nan,
spurious_label(오부착 후보),kr20120066812b1,,,ED01,ED01,0.023,0.023,nan,
spurious_label(오부착 후보),kr20090082571b1,,,ED03,ED03,0.005,0.486,nan,
spurious_label(오부착 후보),kr20120056382b1,,,ED03,ED03,0.001,0.081,nan,
spurious_label(오부착 후보),kr20140054096b1,,,ED03,ED03,0.003,0.138,nan,
spurious_label(오부착 후보),kr20180030280b1,,,ED03,ED03,0.022,0.093,nan,
spurious_label(오부착 후보),kr20180162483b1,,,ED03,ED03,0.02,0.345,nan,
spurious_label(오부착 후보),kr20030061417b1,,,ED05,ED05,0.004,0.235,nan,
spurious_label(오부착 후보),kr20067023052b1,,,ED05,ED05,0.029,0.448,nan,
spurious_label(오부착 후보),kr20090131166b1,,,ED05,ED05,0.002,0.015,nan,
spurious_label(오부착 후보),kr20090075457b1,,,ED06,ED06,0.04,0.277,nan,
spurious_label(오부착 후보),kr20090103626b1,,,ED07,ED07,0.05,0.139,nan,
spurious_label(오부착 후보),kr20100005937b1,,,ED07,ED07,0.01,0.111,nan,
spurious_label(오부착 후보),kr20100101730b1,,,ED07,ED07,0.031,0.317,nan,
spurious_label(오부착 후보),kr20140015388b1,,,ED07,ED07,0.004,0.29,nan,
spurious_label(오부착 후보),kr20140041212b1,,,ED09,ED09,0.061,0.472,nan,
spurious_label(오부착 후보),kr20210061849a,,,ED10,ED10,0.008,0.105,nan,
spurious_label(오부착 후보),kr20120083918b1,,,ED11,ED11,0.008,0.485,nan,
spurious_label(오부착 후보),kr20200111277b1,,,ED11,ED11,0.009,0.371,nan,
spurious_label(오부착 후보),kr20167000266b1,,,EE05,EE05,0.006,0.241,nan,
spurious_label(오부착 후보),kr20167032719b1,,,EE05,EE05,0.057,0.442,nan,
spurious_label(오부착 후보),kr20050072891b1,,,EE06,EE06,0.003,0.156,nan,
spurious_label(오부착 후보),kr20167029375b1,,,EE06,EE06,0.001,0.09,nan,
spurious_label(오부착 후보),kr20210168644b1,,,EE14,EE14,0.038,0.297,nan,
spurious_label(오부착 후보),kr20107013895b1,,,EF01,EF01,0.016,0.068,nan,
spurious_label(오부착 후보),kr20090081569b1,,,EF02,EF02,0.036,0.207,nan,
spurious_label(오부착 후보),kr20150081072b1,,,EF05,EF05,0.002,0.101,nan,
spurious_label(오부착 후보),jp2007140345a,,,EG01,EG01,0.028,0.313,nan,
spurious_label(오부착 후보),kr20210004491a,,,EG03,EG03,0.043,0.367,nan,
spurious_label(오부착 후보),jp2018227641a,,,EG07,EG07,0.018,0.061,nan,
spurious_label(오부착 후보),kr20130150866a,,,EG09,EG09,0.067,0.159,nan,
spurious_label(오부착 후보),kr20177035337a,,,EG09,EG09,0.05,0.406,nan,
spurious_label(오부착 후보),kr20190068172a,,,EH01,EH01,0.001,0.423,nan,
spurious_label(오부착 후보),kr20200081932a,,,EH01,EH01,0.019,0.463,nan,
spurious_label(오부착 후보),kr20060030345b1,,,EH02,EH02,0.016,0.141,nan,
spurious_label(오부착 후보),kr20190130971b1,,,EH02,EH02,0.08,0.134,nan,
spurious_label(오부착 후보),jp2009183739a,,,EH03,EH03,0.005,0.087,nan,
spurious_label(오부착 후보),kr20080104993b1,,,EH06,EH06,0.061,0.061,nan,
spurious_label(오부착 후보),kr20190111679a,,,EH06,EH06,0.007,0.06,nan,
spurious_label(오부착 후보),kr20150157101a,,,EH08,EH08,0.026,0.026,nan,
spurious_label(오부착 후보),kr20210042564b1,,,EH08,EH08,0.018,0.097,nan,
spurious_label(오부착 후보),kr20000080329a,,,EH09,EH09,0.046,0.132,nan,
spurious_label(오부착 후보),kr20030086873b1,,,EH11,EH11,0.03,0.123,nan,
spurious_label(오부착 후보),kr20107005150a,,,EH13,EH13,0.014,0.359,nan,
spurious_label(오부착 후보),kr19920018992b1,,,EI01,EI01,0.013,0.208,nan,
spurious_label(오부착 후보),kr20090049797a,,,EI01,EI01,0.004,0.076,nan,
spurious_label(오부착 후보),kr20180109579b1,,,EI01,EI01,0.012,0.269,nan,
spurious_label(오부착 후보),kr20190150106b1,,,EI01,EI01,0.097,0.329,nan,
spurious_label(오부착 후보),kr19937003005a,,,EI03,EI03,0.002,0.018,nan,
spurious_label(오부착 후보),kr20100133496b1,,,EI03,EI03,0.01,0.47,nan,
spurious_label(오부착 후보),kr20200112748b1,,,EI03,EI03,0.052,0.37,nan,
spurious_label(오부착 후보),kr20160118213b1,,,EI04,EI04,0.012,0.183,nan,
spurious_label(오부착 후보),kr20170036935b1,,,EI04,EI04,0.005,0.081,nan,
spurious_label(오부착 후보),kr20180137869a,,,EI04,EI04,0.007,0.442,nan,
spurious_label(오부착 후보),kr20190093763b1,,,EI04,EI04,0.028,0.062,nan,
spurious_label(오부착 후보),kr20190126997a,,,EI04,EI04,0.001,0.372,nan,
spurious_label(오부착 후보),kr20210004663b1,,,EI04,EI04,0.01,0.276,nan,
spurious_label(오부착 후보),kr20100055529b1,,,EI05,EI05,0.038,0.322,nan,
spurious_label(오부착 후보),kr20210111600b1,,,EI07,EI07,0.035,0.04,nan,
spurious_label(오부착 후보),kr20070083072b1,,,EI12,EI12,0.026,0.41,nan,
spurious_label(오부착 후보),kr20120065593b1,,,EI12,EI12,0.002,0.018,nan,
spurious_label(오부착 후보),kr20177008633b1,,,EI12,EI12,0.008,0.143,nan,
spurious_label(오부착 후보),kr20140020441b1,,,LA01,LA01,0.083,0.276,nan,
spurious_label(오부착 후보),kr20160017708b1,,,LA02,LA02,0.009,0.029,nan,
spurious_label(오부착 후보),kr20180066159b1,,,LA03,LA03,0.001,0.039,nan,
spurious_label(오부착 후보),kr20000034836a,,,LA10,LA10,0.019,0.046,nan,
spurious_label(오부착 후보),kr20110001907b1,,,LB01,LB01,0.009,0.073,nan,
spurious_label(오부착 후보),kr20160046090b1,,,LB01,LB01,0.0,0.01,nan,
spurious_label(오부착 후보),kr20170144461b1,,,LB01,LB01,0.001,0.13,nan,
spurious_label(오부착 후보),kr20137027991a,,,LB04,LB04,0.064,0.227,nan,
spurious_label(오부착 후보),kr20170105450a,,,LB05,LB05,0.054,0.31,nan,
spurious_label(오부착 후보),kr20100060752b1,,,LB06,LB06,0.011,0.106,nan,
spurious_label(오부착 후보),kr20090024905b1,,,LB08,LB08,0.035,0.257,nan,
spurious_label(오부착 후보),kr20180089937b1,,,LB09,LB09,0.021,0.162,nan,
spurious_label(오부착 후보),kr20200077527b1,,,LB09,LB09,0.004,0.07,nan,
spurious_label(오부착 후보),kr20000046393b1,,,LB10,LB10,0.005,0.042,nan,
spurious_label(오부착 후보),kr20030021775a,,,LB10,LB10,0.019,0.403,nan,
spurious_label(오부착 후보),kr20170058621b1,,,LB10,LB10,0.002,0.121,nan,
spurious_label(오부착 후보),kr20120132689b1,,,LB11,LB11,0.006,0.017,nan,
spurious_label(오부착 후보),kr20080099592a,,,LB12,LB12,0.001,0.028,nan,
spurious_label(오부착 후보),kr20167002330a,,,LB13,LB13,0.016,0.016,nan,
spurious_label(오부착 후보),jp2002305627a,,,LB14,LB14,0.022,0.102,nan,
spurious_label(오부착 후보),jp2003315219a,,,LB14,LB14,0.034,0.085,nan,
spurious_label(오부착 후보),kr20000078777b1,,,LB14,LB14,0.01,0.049,nan,
spurious_label(오부착 후보),kr20200021212a,,,LB15,LB15,0.016,0.048,nan,
spurious_label(오부착 후보),kr20140150142a,,,LB16,LB16,0.098,0.333,nan,
spurious_label(오부착 후보),kr20020067309a,,,LB18,LB18,0.0,0.033,nan,
spurious_label(오부착 후보),kr20210165546b1,,,LB19,LB19,0.002,0.408,nan,
spurious_label(오부착 후보),kr20030004683b1,,,LC01,LC01,0.002,0.035,nan,
spurious_label(오부착 후보),kr20210158287b1,,,LC03,LC03,0.001,0.078,nan,
spurious_label(오부착 후보),kr20170135664b1,,,LC05,LC05,0.003,0.116,nan,
spurious_label(오부착 후보),kr20100078768b1,,,LC11,LC11,0.018,0.409,nan,
spurious_label(오부착 후보),kr20100139961b1,,,LC11,LC11,0.021,0.378,nan,
spurious_label(오부착 후보),kr20047012112b1,,,LC12,LC12,0.006,0.257,nan,
spurious_label(오부착 후보),kr20097013898a,,,LC14,LC14,0.002,0.266,nan,
spurious_label(오부착 후보),kr20187026243a,,,LC14,LC14,0.083,0.189,nan,
spurious_label(오부착 후보),kr20040027704a,,,NB01,NB01,0.002,0.301,nan,
spurious_label(오부착 후보),kr20080113839b1,,,NB02,NB02,0.0,0.02,nan,
spurious_label(오부착 후보),kr20080124551b1,,,NB02,NB02,0.008,0.293,nan,
spurious_label(오부착 후보),kr20100103313a,,,NB02,NB02,0.001,0.016,nan,
spurious_label(오부착 후보),kr20130159956a,,,NB02,NB02,0.004,0.016,nan,
spurious_label(오부착 후보),kr20190157265b1,,,NB02,NB02,0.001,0.013,nan,
spurious_label(오부착 후보),kr20120153240b1,,,NB03,NB03,0.008,0.02,nan,
spurious_label(오부착 후보),kr20107014870b1,,,NB04,NB04,0.002,0.305,nan,
spurious_label(오부착 후보),kr20087024913b1,,,NB09,NB09,0.091,0.225,nan,
spurious_label(오부착 후보),kr20107013606a,,,NB09,NB09,0.017,0.387,nan,
spurious_label(오부착 후보),kr20180038652b1,,,NB09,NB09,0.014,0.066,nan,
spurious_label(오부착 후보),kr20030096313b1,,,NC10,NC10,0.006,0.085,nan,
spurious_label(오부착 후보),kr20120030815b1,,,NC10,NC10,0.058,0.228,nan,
spurious_label(오부착 후보),kr20130047330b1,,,ND01,ND01,0.004,0.045,nan,
spurious_label(오부착 후보),kr20100081660b1,,,ND02,ND02,0.039,0.236,nan,
spurious_label(오부착 후보),kr20180118809a,,,ND02,ND02,0.077,0.319,nan,
spurious_label(오부착 후보),kr20190042146b1,,,ND02,ND02,0.035,0.307,nan,
spurious_label(오부착 후보),kr20180063970a,,,ND03,ND03,0.006,0.132,nan,
spurious_label(오부착 후보),kr20210143303b1,,,ND04,ND04,0.005,0.072,nan,
spurious_label(오부착 후보),kr20070025256a,,,ND05,ND05,0.099,0.132,nan,
spurious_label(오부착 후보),kr20190031604b1,,,ND05,ND05,0.015,0.058,nan,
spurious_label(오부착 후보),kr20200115936b1,,,ND05,ND05,0.01,0.12,nan,
spurious_label(오부착 후보),kr20100047279b1,,,ND08,ND08,0.091,0.269,nan,
spurious_label(오부착 후보),kr20140075046b1,,,ND09,ND09,0.009,0.031,nan,
spurious_label(오부착 후보),kr20150115895b1,,,ND09,ND09,0.003,0.069,nan,
spurious_label(오부착 후보),kr20140047340b1,,,ND10,ND10,0.053,0.186,nan,
spurious_label(오부착 후보),kr20157002539a,,,ND10,ND10,0.082,0.426,nan,
spurious_label(오부착 후보),kr20130000196u,,,ND11,ND11,0.006,0.024,nan,
spurious_label(오부착 후보),jp2002287492a,,,ND12,ND12,0.02,0.111,nan,
spurious_label(오부착 후보),kr20200030132a,,,ND12,ND12,0.062,0.165,nan,
spurious_label(오부착 후보),jp2012039337b1,,,ND13,ND13,0.028,0.146,nan,
spurious_label(오부착 후보),kr20130138711a,,,ND13,ND13,0.053,0.455,nan,
spurious_label(오부착 후보),kr20060021651y1,,,ND14,ND14,0.031,0.156,nan,
spurious_label(오부착 후보),kr20150038872b1,,,ND14,ND14,0.0,0.014,nan,
spurious_label(오부착 후보),kr20180079108b1,,,ND14,ND14,0.027,0.146,nan,
spurious_label(오부착 후보),jp2004557687a,,,OA02,OA02,0.006,0.227,nan,
spurious_label(오부착 후보),kr20067021240a,,,OA02,OA02,0.0,0.186,nan,
spurious_label(오부착 후보),kr20190171954b1,,,OA02,OA02,0.057,0.071,nan,
spurious_label(오부착 후보),kr20200075363a,,,OA02,OA02,0.006,0.038,nan,
spurious_label(오부착 후보),kr20130011496a,,,OA03,OA03,0.003,0.089,nan,
spurious_label(오부착 후보),kr20190051614a,,,OB01,OB01,0.012,0.184,nan,
spurious_label(오부착 후보),kr20200165145b1,,,OB01,OB01,0.0,0.023,nan,
spurious_label(오부착 후보),kr20200157093a,,,OB01,OB01,0.003,0.328,nan,
spurious_label(오부착 후보),kr20117013065b1,,,EB05,EB05,0.018,0.275,nan,
spurious_label(오부착 후보),jp2021082657b2,,,EC10,EC10,0.011,0.192,nan,
spurious_label(오부착 후보),kr20100044056b1,,,EE07,EE07,0.002,0.027,nan,
spurious_label(오부착 후보),kr20130098737b1,,,EE11,EE11,0.004,0.051,nan,
spurious_label(오부착 후보),kr20020010069a,,,EH11,EH11,0.008,0.065,nan,
spurious_label(오부착 후보),kr20020008569a,,,EI04,EI04,0.024,0.188,nan,
spurious_label(오부착 후보),kr20160180895a,,,EI07,EI07,0.023,0.299,nan,
spurious_label(오부착 후보),kr20090108351a,,,LB04,LB04,0.005,0.056,nan,
spurious_label(오부착 후보),kr20120156649a,,,LB13,LB13,0.002,0.358,nan,
spurious_label(오부착 후보),kr20047020682b1,,,LC01,LC01,0.017,0.279,nan,
spurious_label(오부착 후보),kr20060038904b1,,,LC11,LC11,0.009,0.213,nan,
spurious_label(오부착 후보),kr20140025337b1,,,NB03,NB03,0.0,0.009,nan,
spurious_label(오부착 후보),kr20150097695b1,,,ND01,ND01,0.005,0.476,nan,
spurious_label(오부착 후보),kr20020014026a,,,ND03,ND03,0.063,0.301,nan,
spurious_label(오부착 후보),kr20150147782b1,,,ND06,ND06,0.004,0.16,nan,
spurious_label(오부착 후보),jp2015102344b2,,,ND14,ND14,0.02,0.111,nan,
spurious_label(오부착 후보),kr20207005175a,,,OA02,OA02,0.035,0.278,nan,
